<?xml version="1.0" encoding="UTF-8"?>
<beans xmlns="http://www.springframework.org/schema/beans"
       xmlns:xsi="http://www.w3.org/2001/XMLSchema-instance"  xmlns:p="http://www.springframework.org/schema/p"
       xmlns:context="http://www.springframework.org/schema/context"
       xmlns:mvc="http://www.springframework.org/schema/mvc"
       xmlns:util="http://www.springframework.org/schema/util"
       xsi:schemaLocation="http://www.springframework.org/schema/beans
	   		http://www.springframework.org/schema/beans/spring-beans-4.0.xsd
	   		http://www.springframework.org/schema/context
	   		http://www.springframework.org/schema/context/spring-context-4.0.xsd
			http://www.springframework.org/schema/mvc
			http://www.springframework.org/schema/mvc/spring-mvc-4.0.xsd
			http://www.springframework.org/schema/util http://www.springframework.org/schema/util/spring-util.xsd">



  <context:annotation-config />

  <mvc:annotation-driven content-negotiation-manager="contentNegotiationManager">
    <mvc:message-converters register-defaults="false">   <!-- defaults for spring mvc 4 are jaxb and jackson2 -->
      <bean class="org.springframework.http.converter.json.MappingJackson2HttpMessageConverter" />
      <bean class="org.springframework.http.converter.xml.MarshallingHttpMessageConverter">
        <property name="marshaller" ref="xstreamMarshaller" />
        <property name="unmarshaller" ref="xstreamMarshaller" />
      </bean>
    </mvc:message-converters>
  </mvc:annotation-driven>


  <context:component-scan base-package="com.apps.semanticbits.clinicaltrial.service" />

  <bean id="xstreamMarshaller" class="org.springframework.oxm.xstream.XStreamMarshaller">
    <property name="autodetectAnnotations" value="true" />
    <property name="aliases">
      <props>
        <prop key="clinicaltrial">com.apps.semanticbits.clinicaltrial.service.domain.ClinicalTrial</prop>
      </props>
    </property>
  </bean>


  <bean id="contentNegotiationManager" class="org.springframework.web.accept.ContentNegotiationManagerFactoryBean">
    <property name="favorPathExtension" value="true" />
    <property name="ignoreAcceptHeader" value="false" />
    <property name="defaultContentType"  ref="jsonMediaType" />
    <property name="mediaTypes" >
      <value>
        json=application/json
        xml=application/xml
      </value>
    </property>
  </bean>


  <bean id="jsonMediaType" class="org.springframework.http.MediaType">
    <constructor-arg value="application"/>
    <constructor-arg value="json"/>
  </bean>



</beans>
